{
  "linear_regression": {
    "MAE": 1.0400852422048554,
    "RMSE": 1.3011962062320372,
    "R2": 0.0001275155432554076
  },
  "random_forest": {
    "MAE": 0.9704446835205541,
    "RMSE": 1.2046817301166313,
    "R2": 0.14295487603921997
  },
  "xgboost": {
    "MAE": 0.9566458954262702,
    "RMSE": 1.1924677073176655,
    "R2": 0.16024558797048183
  }
}