{
  "linear_regression": {
    "MAE": 1.0813872839479837,
    "RMSE": 1.36896443045841,
    "R2": -0.0001984580414109427,
    "n_train": 6336,
    "n_test": 1584
  },
  "random_forest": {
    "MAE": 0.9754676476436627,
    "RMSE": 1.2267928886507542,
    "R2": 0.19676180381712072,
    "n_train": 6336,
    "n_test": 1584
  },
  "xgboost": {
    "MAE": 0.971119092287995,
    "RMSE": 1.2271341902900554,
    "R2": 0.19631480962551573,
    "n_train": 6336,
    "n_test": 1584
  }
}