{
  "Sahara_to_East China": {
    "linear_regression": {
      "MAE": 1.1042990905042762,
      "RMSE": 1.3869676145011711,
      "R2": -3.5413516638049813e-05,
      "n_train": 3960,
      "n_test": 3960
    },
    "random_forest": {
      "MAE": 1.059614067959632,
      "RMSE": 1.3396935905840137,
      "R2": 0.06697410359429257,
      "n_train": 3960,
      "n_test": 3960
    },
    "xgboost": {
      "MAE": 1.0876900524081212,
      "RMSE": 1.3756942608037284,
      "R2": 0.016155211193494057,
      "n_train": 3960,
      "n_test": 3960
    }
  },
  "East China_to_Sahara": {
    "linear_regression": {
      "MAE": 1.0196555424019824,
      "RMSE": 1.2753812160014852,
      "R2": -0.014127479507888951,
      "n_train": 3960,
      "n_test": 3960
    },
    "random_forest": {
      "MAE": 0.9954036876039832,
      "RMSE": 1.2330733010868073,
      "R2": 0.05203935701863416,
      "n_train": 3960,
      "n_test": 3960
    },
    "xgboost": {
      "MAE": 1.0350720297768052,
      "RMSE": 1.2833788872467333,
      "R2": -0.02688615632002045,
      "n_train": 3960,
      "n_test": 3960
    }
  }
}