{
  "linear_regression": {
    "MAE": 1.0508557536532825,
    "RMSE": 1.3132251239028885,
    "R2": -0.0004950338440685709,
    "n_train": 6336,
    "n_test": 1584
  },
  "random_forest": {
    "MAE": 0.9665523100185752,
    "RMSE": 1.2117993551532888,
    "R2": 0.14808158555066342,
    "n_train": 6336,
    "n_test": 1584
  },
  "xgboost": {
    "MAE": 0.9605410461901618,
    "RMSE": 1.203851745390008,
    "R2": 0.15921958813465598,
    "n_train": 6336,
    "n_test": 1584
  }
}